{"cameraMode":{"drawMode":0,"name":"Shaded","section":"Shading Mode"},"sceneLighting":true,"audioPlay":false,"sceneViewState":{"m_AlwaysRefresh":false,"showFog":true,"showSkybox":true,"showFlares":true,"showImageEffects":true,"showParticleSystems":true,"showVisualEffectGraphs":true,"m_FxEnabled":true},"in2DMode":false,"pivot":{"x":-0.0033597052097320558,"y":-3.905641794204712,"z":-0.2588749825954437},"rotation":{"x":0.5734618306159973,"y":0.02702287957072258,"z":-0.018930986523628236,"w":0.8185765147209168},"size":11.563880920410157,"orthographic":false}